{
    "authors": {
        "name": "Kazushi Mukaiyama",
        "url": "https://os.mbed.com/users/kazushi2008/"
    },
    "build": {
        "builder": "MbedLibBuilder"
    },
    "description": "Fork with basicauth enabled.",
    "examples": [
        "https://os.mbed.com/users/kazushi2008/code/TwitterMbed/",
        "https://os.mbed.com/users/kanpapa/code/HTTPClient_SuperTweet/",
        "https://os.mbed.com/users/kanpapa/code/HTTPClient_SuperTweet_MPL115A2/",
        "https://os.mbed.com/users/Kojto/code/cc3000_twitter_demo/"
    ],
    "frameworks": "mbed",
    "keywords": [
        "basicauth"
    ],
    "name": "HTTPClient",
    "platforms": "*",
    "repository": {
        "type": "hg",
        "url": "https://os.mbed.com/users/kazushi2008/code/HTTPClient/"
    },
    "version": "0.0.0+sha.cf5d7427a9ec"
}